{
	"providers": [
		{
			"type": "bitmap",
			"file": "minecraft:misc/axe.png",
			"ascent": 8,
			"height": 16,
			"chars": [
				"\ue000"
			]
		},
		{
			"type": "bitmap",
			"file": "minecraft:misc/boots.png",
			"ascent": 8,
			"height": 16,
			"chars": [
				"\ue001"
			]
		},
		{
			"type": "bitmap",
			"file": "minecraft:misc/mace.png",
			"ascent": 8,
			"height": 16,
			"chars": [
				"\ue002"
			]
		},
		{
			"type": "bitmap",
			"file": "minecraft:misc/bogged.png",
			"ascent": 7,
			"height": 8,
			"chars": [
				"\ue003"
			]
		},
		{
			"type": "bitmap",
			"file": "minecraft:misc/enderman.png",
			"ascent": 7,
			"height": 8,
			"chars": [
				"\ue004"
			]
		},
		{
			"type": "bitmap",
			"file": "minecraft:misc/chicken.png",
			"ascent": 7,
			"height": 8,
			"chars": [
				"\ue005"
			]
		},
		{
			"type": "bitmap",
			"file": "minecraft:misc/evoker.png",
			"ascent": 7,
			"height": 8,
			"chars": [
				"\ue006"
			]
		},
		{
			"type": "bitmap",
			"file": "minecraft:misc/zombie.png",
			"ascent": 7,
			"height": 8,
			"chars": [
				"\ue007"
			]
		},
		{
			"type": "bitmap",
			"file": "minecraft:misc/axolotl.png",
			"ascent": 7,
			"height": 8,
			"chars": [
				"\ue008"
			]
		},
		{
			"type": "bitmap",
			"file": "minecraft:misc/panda.png",
			"ascent": 7,
			"height": 8,
			"chars": [
				"\ue009"
			]
		},
		{
			"type": "bitmap",
			"file": "minecraft:misc/blaze.png",
			"ascent": 7,
			"height": 8,
			"chars": [
				"\ue010"
			]
		},
		{
			"type": "bitmap",
			"file": "minecraft:misc/drowned.png",
			"ascent": 7,
			"height": 8,
			"chars": [
				"\ue011"
			]
		},
		{
			"type": "bitmap",
			"file": "minecraft:misc/camel.png",
			"ascent": 7,
			"height": 8,
			"chars": [
				"\ue012"
			]
		},
		{
			"type": "bitmap",
			"file": "minecraft:misc/illusioner.png",
			"ascent": 7,
			"height": 8,
			"chars": [
				"\ue013"
			]
		},
		{
			"type": "bitmap",
			"file": "minecraft:misc/creaking.png",
			"ascent": 7,
			"height": 8,
			"chars": [
				"\ue014"
			]
		},
		{
			"type": "bitmap",
			"file": "minecraft:misc/slime.png",
			"ascent": 7,
			"height": 8,
			"chars": [
				"\ue015"
			]
		},
		{
			"type": "bitmap",
			"file": "minecraft:misc/guardian.png",
			"ascent": 7,
			"height": 8,
			"chars": [
				"\ue016"
			]
		},
		{
			"type": "bitmap",
			"file": "minecraft:misc/wither_skeleton.png",
			"ascent": 7,
			"height": 8,
			"chars": [
				"\ue017"
			]
		},
		{
			"type": "bitmap",
			"file": "minecraft:misc/steve.png",
			"ascent": 7,
			"height": 8,
			"chars": [
				"\ue018"
			]
		},
		{
			"type": "bitmap",
			"file": "minecraft:misc/dirt.png",
			"ascent": 8,
			"height": 8,
			"chars": [
				"\ue019"
			]
		},
		{
			"type": "bitmap",
			"file": "minecraft:misc/wood.png",
			"ascent": 8,
			"height": 8,
			"chars": [
				"\ue020"
			]
		},
		{
			"type": "bitmap",
			"file": "minecraft:misc/stone.png",
			"ascent": 8,
			"height": 8,
			"chars": [
				"\ue021"
			]
		},
		{
			"type": "bitmap",
			"file": "minecraft:misc/iron.png",
			"ascent": 8,
			"height": 8,
			"chars": [
				"\ue022"
			]
		},
		{
			"type": "bitmap",
			"file": "minecraft:misc/gold.png",
			"ascent": 8,
			"height": 8,
			"chars": [
				"\ue023"
			]
		},
		{
			"type": "bitmap",
			"file": "minecraft:misc/redstone.png",
			"ascent": 8,
			"height": 8,
			"chars": [
				"\ue024"
			]
		},
		{
			"type": "bitmap",
			"file": "minecraft:misc/diamond.png",
			"ascent": 8,
			"height": 8,
			"chars": [
				"\ue025"
			]
		},
		{
			"type": "bitmap",
			"file": "minecraft:misc/goat.png",
			"ascent": 7,
			"height": 8,
			"chars": [
				"\ue026"
			]
		},
		{
			"type": "bitmap",
			"file": "minecraft:misc/breeze.png",
			"ascent": 7,
			"height": 8,
			"chars": [
				"\ue027"
			]
		},
		{
			"type": "bitmap",
			"file": "minecraft:misc/stray.png",
			"ascent": 7,
			"height": 8,
			"chars": [
				"\ue028"
			]
		},
		{
			"type": "bitmap",
			"file": "minecraft:misc/elder_guardian.png",
			"ascent": 7,
			"height": 8,
			"chars": [
				"\ue029"
			]
		},
		{
			"type": "bitmap",
			"file": "minecraft:misc/allay.png",
			"ascent": 7,
			"height": 8,
			"chars": [
				"\ue030"
			]
		},
		{
			"type": "bitmap",
			"file": "minecraft:misc/snowgolem.png",
			"ascent": 7,
			"height": 8,
			"chars": [
				"\ue031"
			]
		},
		{
			"type": "bitmap",
			"file": "minecraft:misc/squid.png",
			"ascent": 7,
			"height": 8,
			"chars": [
				"\ue032"
			]
		},
		{
			"type": "bitmap",
			"file": "minecraft:misc/villager.png",
			"ascent": 7,
			"height": 8,
			"chars": [
				"\ue033"
			]
		},
		{
			"type": "bitmap",
			"file": "minecraft:misc/ghast.png",
			"ascent": 7,
			"height": 8,
			"chars": [
				"\ue034"
			]
		},
		{
			"type": "bitmap",
			"file": "minecraft:misc/wolf.png",
			"ascent": 7,
			"height": 8,
			"chars": [
				"\ue035"
			]
		},
		{
			"type": "bitmap",
			"file": "minecraft:misc/sniffer.png",
			"ascent": 7,
			"height": 8,
			"chars": [
				"\ue036"
			]
		},
		{
			"type": "bitmap",
			"file": "minecraft:misc/antiheal.png",
			"ascent": 8,
			"height": 10,
			"chars": [
				"\ue037"
			]
		},
		{
			"type": "bitmap",
			"file": "minecraft:misc/hacked.png",
			"ascent": 8,
			"height": 10,
			"chars": [
				"\ue038"
			]
		},
		{
			"type": "bitmap",
			"file": "minecraft:misc/poison.png",
			"ascent": 8,
			"height": 10,
			"chars": [
				"\ue039"
			]
		},
		{
			"type": "bitmap",
			"file": "minecraft:misc/regeneration.png",
			"ascent": 8,
			"height": 10,
			"chars": [
				"\ue040"
			]
		},
		{
			"type": "bitmap",
			"file": "minecraft:misc/rooted.png",
			"ascent": 8,
			"height": 10,
			"chars": [
				"\ue041"
			]
		},
		{
			"type": "bitmap",
			"file": "minecraft:misc/slowness.png",
			"ascent": 8,
			"height": 10,
			"chars": [
				"\ue042"
			]
		},
		{
			"type": "bitmap",
			"file": "minecraft:misc/weakness.png",
			"ascent": 8,
			"height": 10,
			"chars": [
				"\ue043"
			]
		},
		{
			"type": "bitmap",
			"file": "minecraft:misc/stunned.png",
			"ascent": 8,
			"height": 10,
			"chars": [
				"\ue044"
			]
		},
		{
			"type": "bitmap",
			"file": "minecraft:misc/strength.png",
			"ascent": 8,
			"height": 10,
			"chars": [
				"\ue045"
			]
		},
		{
			"type": "bitmap",
			"file": "minecraft:misc/pig.png",
			"ascent": 7,
			"height": 8,
			"chars": [
				"\ue046"
			]
		},
		{
			"type": "bitmap",
			"file": "minecraft:misc/alex.png",
			"ascent": 7,
			"height": 8,
			"chars": [
				"\ue047"
			]
		},
		{
			"type": "bitmap",
			"file": "minecraft:misc/dolphin.png",
			"ascent": 7,
			"height": 8,
			"chars": [
				"\ue048"
			]
		},
		{
			"type": "bitmap",
			"file": "minecraft:misc/wandering_trader.png",
			"ascent": 7,
			"height": 8,
			"chars": [
				"\ue049"
			]
		},
		{
			"type": "bitmap",
			"file": "minecraft:misc/wither.png",
			"ascent": 7,
			"height": 8,
			"chars": [
				"\ue050"
			]
		},
		{
			"type": "bitmap",
			"file": "minecraft:misc/turtle.png",
			"ascent": 7,
			"height": 8,
			"chars": [
				"\ue051"
			]
		},
		{
			"type": "bitmap",
			"file": "minecraft:misc/magmacube.png",
			"ascent": 7,
			"height": 8,
			"chars": [
				"\uefe1"
			]
		},
		{
			"type": "bitmap",
			"file": "minecraft:misc/chestplate.png",
			"ascent": 8,
			"height": 16,
			"chars": [
				"\uefe2"
			]
		},
		{
			"type": "bitmap",
			"file": "minecraft:misc/horse.png",
			"ascent": 7,
			"height": 8,
			"chars": [
				"\uefe3"
			]
		},
		{
			"type": "bitmap",
			"file": "minecraft:misc/fox.png",
			"ascent": 7,
			"height": 8,
			"chars": [
				"\uefe4"
			]
		},
		{
			"type": "bitmap",
			"file": "minecraft:misc/sword.png",
			"ascent": 8,
			"height": 16,
			"chars": [
				"\uefe5"
			]
		},
		{
			"type": "bitmap",
			"file": "minecraft:misc/creeper.png",
			"ascent": 7,
			"height": 8,
			"chars": [
				"\uefe6"
			]
		},
		{
			"type": "bitmap",
			"file": "minecraft:misc/trident.png",
			"ascent": 8,
			"height": 16,
			"chars": [
				"\uefe7"
			]
		},
		{
			"type": "bitmap",
			"file": "minecraft:misc/bow.png",
			"ascent": 8,
			"height": 16,
			"chars": [
				"\uefe8"
			]
		},
		{
			"type": "bitmap",
			"file": "minecraft:misc/crosbow.png",
			"ascent": 8,
			"height": 16,
			"chars": [
				"\uefe9"
			]
		},
		{
			"type": "bitmap",
			"file": "minecraft:misc/irongolem.png",
			"ascent": 7,
			"height": 8,
			"chars": [
				"\ueef1"
			]
		},
		{
			"type": "bitmap",
			"file": "minecraft:misc/cow.png",
			"ascent": 7,
			"height": 8,
			"chars": [
				"\ueef2"
			]
		},
		{
			"type": "bitmap",
			"file": "minecraft:misc/skull.png",
			"ascent": 8,
			"height": 16,
			"chars": [
				"\ueef3"
			]
		},
		{
			"type": "bitmap",
			"file": "minecraft:misc/skeleton.png",
			"ascent": 7,
			"height": 8,
			"chars": [
				"\ueef4"
			]
		},
		{
			"type": "bitmap",
			"file": "minecraft:misc/piglin.png",
			"ascent": 7,
			"height": 8,
			"chars": [
				"\ueef5"
			]
		},
		{
			"type": "bitmap",
			"file": "minecraft:misc/pillager.png",
			"ascent": 7,
			"height": 8,
			"chars": [
				"\ueef6"
			]
		},
		{
			"type": "bitmap",
			"file": "minecraft:misc/spider.png",
			"ascent": 7,
			"height": 8,
			"chars": [
				"\ueef7"
			]
		},
		{
			"type": "bitmap",
			"file": "minecraft:misc/witch.png",
			"ascent": 7,
			"height": 8,
			"chars": [
				"\ueef8"
			]
		},
		{
			"type": "bitmap",
			"file": "minecraft:misc/sheep.png",
			"ascent": 7,
			"height": 8,
			"chars": [
				"\ueef9"
			]
		}
	]
}